{
  "model_id": "conv2_k10_leakyrelu",
  "train": {
    "n": 61083,
    "loss": 0.23146741092205048,
    "accuracy": 0.9064060376864267,
    "auc": 0.9682677157107062
  },
  "valid": {
    "n": 8726,
    "loss": 0.22678712010383606,
    "accuracy": 0.9091221636488654,
    "auc": 0.9694436831504888
  }
}