{
  "model_id": "conv2_k10_gelu",
  "train": {
    "n": 61083,
    "loss": 0.25696393847465515,
    "accuracy": 0.9022968747442005,
    "auc": 0.9654655656805831
  },
  "valid": {
    "n": 8726,
    "loss": 0.2563785910606384,
    "accuracy": 0.9046527618611048,
    "auc": 0.9656338162239719
  }
}