{
  "model_id": "conv2_k10_relu",
  "train": {
    "n": 61083,
    "loss": 0.2504841387271881,
    "accuracy": 0.8967634202642306,
    "auc": 0.9677331504498242
  },
  "valid": {
    "n": 8726,
    "loss": 0.24196653068065643,
    "accuracy": 0.9025899610359844,
    "auc": 0.9701894710498077
  }
}