{
  "model_id": "conv2_k10_silu",
  "train": {
    "n": 61083,
    "loss": 0.31513023376464844,
    "accuracy": 0.8749570256863611,
    "auc": 0.9517904251299721
  },
  "valid": {
    "n": 8726,
    "loss": 0.3101153075695038,
    "accuracy": 0.8765757506303002,
    "auc": 0.9538401864761308
  }
}