{
  "model_id": "conv2_k20_gelu",
  "train": {
    "n": 61083,
    "loss": 0.23263956606388092,
    "accuracy": 0.9064551511877281,
    "auc": 0.967744595231297
  },
  "valid": {
    "n": 8726,
    "loss": 0.23320166766643524,
    "accuracy": 0.905798762319505,
    "auc": 0.9677643010798782
  }
}