{
  "model_id": "conv1_k10_gelu",
  "train": {
    "n": 61083,
    "loss": 0.420106440782547,
    "accuracy": 0.811011246991798,
    "auc": 0.8931320885374856
  },
  "valid": {
    "n": 8726,
    "loss": 0.438789427280426,
    "accuracy": 0.8052945221178088,
    "auc": 0.8812814302989461
  }
}