{
  "model_id": "conv2_k5_gelu",
  "train": {
    "n": 61083,
    "loss": 0.3192650079727173,
    "accuracy": 0.86775371216214,
    "auc": 0.9428692177038649
  },
  "valid": {
    "n": 8726,
    "loss": 0.32132619619369507,
    "accuracy": 0.8658033463213385,
    "auc": 0.9417995455140752
  }
}