{
  "model_id": "conv3_k10_gelu",
  "train": {
    "n": 61083,
    "loss": 0.20775391161441803,
    "accuracy": 0.9163924496177333,
    "auc": 0.9740211045393924
  },
  "valid": {
    "n": 8726,
    "loss": 0.20485760271549225,
    "accuracy": 0.9178317671327069,
    "auc": 0.9750168802378578
  }
}